MAE,RMSE,R2
0.038888063925778794,0.05034349835982014,0.9408562083428189
