MAE,RMSE,R2
0.139392966511269,0.18311139392100148,-0.0481501042149195
